{
    "convergence": {
        "FV": {
            "outlet": {
                "$N_d$": [
                    "0",
                    "0",
                    "0",
                    "0"
                ],
                "$N_e^z$": [
                    4.0,
                    8.0,
                    16.0,
                    32.0
                ],
                "$N_e^r$": [
                    3.0,
                    6.0,
                    12.0,
                    24.0
                ],
                "$N_e^p$": [
                    3.0,
                    6.0,
                    12.0,
                    24.0
                ],
                "Max. error": [
                    0.021061986303804736,
                    0.007801751302342695,
                    0.0020861651394141548,
                    0.0004811124747813658
                ],
                "Max. EOC": [
                    0.0,
                    1.4327715845879652,
                    1.9029446449413547,
                    2.116407252431174
                ],
                "$L^1$ error": [
                    9.714392170160389,
                    3.089376406930823,
                    0.7514418664108917,
                    0.1730125878786782
                ],
                "$L^1$ EOC": [
                    0.0,
                    1.6528080707761539,
                    2.039582255627762,
                    2.1187844897825925
                ],
                "$L^2$ error": [
                    0.35709638774111285,
                    0.11935953077546962,
                    0.029162789703427082,
                    0.00678425890371881
                ],
                "$L^2$ EOC": [
                    0.0,
                    1.5809997709983583,
                    2.0331131300748218,
                    2.1038656012323633
                ],
                "Sim. time": [
                    0.1552957,
                    0.9497899000000001,
                    6.212349700000001,
                    36.956393500000004
                ],
                "Min. value": [
                    1.2259891362719718e-05,
                    -4.626171505859703e-08,
                    -4.0429352983897627e-08,
                    -1.0882403606009909e-13
                ],
                "DoF": [
                    27.0,
                    102.0,
                    396.0,
                    1560.0
                ],
                "Bulk DoF": [
                    12.0,
                    48.0,
                    192.0,
                    768.0
                ]
            }
        }
    }
}