{
    "convergence": {
        "FV": {
            "outlet": {
                "$N_d$": [
                    "0",
                    "0",
                    "0",
                    "0"
                ],
                "$N_e^z$": [
                    4.0,
                    8.0,
                    16.0,
                    32.0
                ],
                "$N_e^r$": [
                    3.0,
                    6.0,
                    12.0,
                    24.0
                ],
                "$N_e^p$": [
                    3.0,
                    6.0,
                    12.0,
                    24.0
                ],
                "Max. error": [
                    0.023978063344987782,
                    0.008534112604277388,
                    0.0026858535183564083,
                    0.0007022129378496667
                ],
                "Max. EOC": [
                    0.0,
                    1.4904020886038867,
                    1.667860521555757,
                    1.9354001425437695
                ],
                "$L^1$ error": [
                    10.814047159811862,
                    3.861688104970341,
                    1.1222146499201202,
                    0.29187465190837414
                ],
                "$L^1$ EOC": [
                    0.0,
                    1.4856030004278433,
                    1.7828829958997146,
                    1.9429278222977
                ],
                "$L^2$ error": [
                    0.3969039815113724,
                    0.14542594632751912,
                    0.04256267161048181,
                    0.011184034751157614
                ],
                "$L^2$ EOC": [
                    0.0,
                    1.448505342474604,
                    1.7726240770980863,
                    1.9281479614168406
                ],
                "Sim. time": [
                    0.10289770000000001,
                    0.9915315,
                    6.6464954,
                    39.7205888
                ],
                "Min. value": [
                    6.4636204545565414e-06,
                    -7.39008955067817e-08,
                    -4.956517785099665e-08,
                    -1.7352879257908248e-13
                ],
                "DoF": [
                    27.0,
                    102.0,
                    396.0,
                    1560.0
                ],
                "Bulk DoF": [
                    12.0,
                    48.0,
                    192.0,
                    768.0
                ]
            }
        }
    }
}