{
    "convergence": {
        "FV": {
            "outlet": {
                "$N_d$": [
                    "0",
                    "0",
                    "0",
                    "0"
                ],
                "$N_e^z$": [
                    4.0,
                    8.0,
                    16.0,
                    32.0
                ],
                "$N_e^r$": [
                    3.0,
                    6.0,
                    12.0,
                    24.0
                ],
                "$N_e^p$": [
                    3.0,
                    6.0,
                    12.0,
                    24.0
                ],
                "Max. error": [
                    0.023002883913199157,
                    0.007925903708338726,
                    0.0021225547347970553,
                    0.000486743696649361
                ],
                "Max. EOC": [
                    0.0,
                    1.5371674005488856,
                    1.9007736827763273,
                    2.1245675561401836
                ],
                "$L^1$ error": [
                    10.584425441542747,
                    3.306739409532874,
                    0.7961164414516699,
                    0.1830918692814329
                ],
                "$L^1$ EOC": [
                    0.0,
                    1.6784616948111815,
                    2.054357994636004,
                    2.1204117318713713
                ],
                "$L^2$ error": [
                    0.39074206321762095,
                    0.12758833454819604,
                    0.030746921490202375,
                    0.00714404575287701
                ],
                "$L^2$ EOC": [
                    0.0,
                    1.6147201404363052,
                    2.052982554794192,
                    2.1056287439418044
                ],
                "Sim. time": [
                    0.1552957,
                    0.9497899000000001,
                    6.212349700000001,
                    36.956393500000004
                ],
                "Min. value": [
                    1.8081632660588877e-05,
                    -5.7038748164382385e-08,
                    -4.333605573551952e-08,
                    -1.4786976904395113e-13
                ],
                "DoF": [
                    27.0,
                    102.0,
                    396.0,
                    1560.0
                ],
                "Bulk DoF": [
                    12.0,
                    48.0,
                    192.0,
                    768.0
                ]
            }
        }
    }
}