{
    "convergence": {
        "FV": {
            "outlet": {
                "$N_d$": [
                    "0",
                    "0",
                    "0",
                    "0"
                ],
                "$N_e^z$": [
                    4.0,
                    8.0,
                    16.0,
                    32.0
                ],
                "$N_e^r$": [
                    3.0,
                    6.0,
                    12.0,
                    24.0
                ],
                "$N_e^p$": [
                    3.0,
                    6.0,
                    12.0,
                    24.0
                ],
                "Max. error": [
                    0.01646506388199842,
                    0.0044320352994783995,
                    0.0010944376286937119,
                    0.0002552091603208913
                ],
                "Max. EOC": [
                    0.0,
                    1.8933668323225195,
                    2.0177796333648623,
                    2.1004377202315334
                ],
                "$L^1$ error": [
                    7.030944739482348,
                    1.9992690657809973,
                    0.476794305157735,
                    0.10893112632626946
                ],
                "$L^1$ EOC": [
                    0.0,
                    1.8142459094562324,
                    2.068033736609869,
                    2.129950751089881
                ],
                "$L^2$ error": [
                    0.2604493190561248,
                    0.07515703649469133,
                    0.017865851754786135,
                    0.004137496908199806
                ],
                "$L^2$ EOC": [
                    0.0,
                    1.7930225788617546,
                    2.0727034851243933,
                    2.1103745571137624
                ],
                "Sim. time": [
                    0.1429697,
                    0.8350018,
                    6.717036500000001,
                    37.9257933
                ],
                "Min. value": [
                    1.2350725432974659e-05,
                    -4.8053174964125865e-08,
                    -5.0158211712984824e-08,
                    -2.597989078880518e-13
                ],
                "DoF": [
                    27.0,
                    102.0,
                    396.0,
                    1560.0
                ],
                "Bulk DoF": [
                    12.0,
                    48.0,
                    192.0,
                    768.0
                ]
            }
        }
    }
}