{
    "convergence": {
        "FV": {
            "outlet": {
                "$N_d$": [
                    "0",
                    "0",
                    "0",
                    "0"
                ],
                "$N_e^z$": [
                    4.0,
                    8.0,
                    16.0,
                    32.0
                ],
                "$N_e^r$": [
                    3.0,
                    6.0,
                    12.0,
                    24.0
                ],
                "$N_e^p$": [
                    3.0,
                    6.0,
                    12.0,
                    24.0
                ],
                "Max. error": [
                    0.037574646724844125,
                    0.009477770048704141,
                    0.002479908137962984,
                    0.0006099925677670766
                ],
                "Max. EOC": [
                    0.0,
                    1.9871399764596425,
                    1.9342609779308644,
                    2.0234231106462715
                ],
                "$L^1$ error": [
                    8.40521194792426,
                    2.5597850840337744,
                    0.659907671983328,
                    0.15741359422093554
                ],
                "$L^1$ EOC": [
                    0.0,
                    1.715261510621517,
                    1.955686593148406,
                    2.067704053183224
                ],
                "$L^2$ error": [
                    0.39542222584759995,
                    0.12039655299538524,
                    0.031169577602819222,
                    0.0075314131340998
                ],
                "$L^2$ EOC": [
                    0.0,
                    1.7155998764702054,
                    1.94958357831123,
                    2.0491461131285273
                ],
                "Sim. time": [
                    0.1932377,
                    1.7095056000000002,
                    9.4990406,
                    57.6729855
                ],
                "Min. value": [
                    2.0420429824982445e-05,
                    -6.964579978250524e-08,
                    -7.124008315275901e-08,
                    -6.251619774139765e-13
                ],
                "DoF": [
                    27.0,
                    102.0,
                    396.0,
                    1560.0
                ],
                "Bulk DoF": [
                    12.0,
                    48.0,
                    192.0,
                    768.0
                ]
            }
        }
    }
}