{
    "convergence": {
        "FV": {
            "outlet": {
                "$N_d$": [
                    "0",
                    "0",
                    "0",
                    "0"
                ],
                "$N_e^z$": [
                    4.0,
                    8.0,
                    16.0,
                    32.0
                ],
                "$N_e^r$": [
                    3.0,
                    6.0,
                    12.0,
                    24.0
                ],
                "$N_e^p$": [
                    3.0,
                    6.0,
                    12.0,
                    24.0
                ],
                "Max. error": [
                    0.020822351392775218,
                    0.007682304437648564,
                    0.002051217902364448,
                    0.00047818414142888205
                ],
                "Max. EOC": [
                    0.0,
                    1.4385219543149046,
                    1.9050583782398745,
                    2.1008425682993317
                ],
                "$L^1$ error": [
                    8.876133392424123,
                    2.8785478252876375,
                    0.7077640822981914,
                    0.16317016232318154
                ],
                "$L^1$ EOC": [
                    0.0,
                    1.6245901668890383,
                    2.0240007272755736,
                    2.1168912827050432
                ],
                "$L^2$ error": [
                    0.32958696305790824,
                    0.11229124177917975,
                    0.02779717470237523,
                    0.006477521219332614
                ],
                "$L^2$ EOC": [
                    0.0,
                    1.5534137689930896,
                    2.014235247923034,
                    2.1014245136846212
                ],
                "Sim. time": [
                    0.1552957,
                    0.9497899000000001,
                    6.212349700000001,
                    36.956393500000004
                ],
                "Min. value": [
                    6.4161642577384754e-06,
                    -7.748399727722282e-08,
                    -3.419991095638853e-08,
                    -6.583159901563024e-14
                ],
                "DoF": [
                    27.0,
                    102.0,
                    396.0,
                    1560.0
                ],
                "Bulk DoF": [
                    12.0,
                    48.0,
                    192.0,
                    768.0
                ]
            }
        }
    }
}