{
    "convergence": {
        "FV": {
            "outlet": {
                "$N_d$": [
                    "0",
                    "0",
                    "0",
                    "0"
                ],
                "$N_e^z$": [
                    4.0,
                    8.0,
                    16.0,
                    32.0
                ],
                "$N_e^r$": [
                    3.0,
                    6.0,
                    12.0,
                    24.0
                ],
                "$N_e^p$": [
                    3.0,
                    6.0,
                    12.0,
                    24.0
                ],
                "Max. error": [
                    0.03026050535494803,
                    0.008129184838718828,
                    0.0021641534817580937,
                    0.0005335428118630435
                ],
                "Max. EOC": [
                    0.0,
                    1.8962534838478782,
                    1.9093078732966837,
                    2.0201268750149897
                ],
                "$L^1$ error": [
                    7.631703513399637,
                    2.37632261532666,
                    0.6163762764285503,
                    0.14700802283279332
                ],
                "$L^1$ EOC": [
                    0.0,
                    1.6832744114741285,
                    1.946847472755592,
                    2.067916444332257
                ],
                "$L^2$ error": [
                    0.35003040699573607,
                    0.11106986445427344,
                    0.029058346270766394,
                    0.00702527098367341
                ],
                "$L^2$ EOC": [
                    0.0,
                    1.6560128169287902,
                    1.9344429311761813,
                    2.048326820438255
                ],
                "Sim. time": [
                    0.1932377,
                    1.7095056000000002,
                    9.4990406,
                    57.6729855
                ],
                "Min. value": [
                    1.3847038244857737e-05,
                    -5.783412354217883e-08,
                    -7.567943053940028e-08,
                    -5.31898041174326e-13
                ],
                "DoF": [
                    27.0,
                    102.0,
                    396.0,
                    1560.0
                ],
                "Bulk DoF": [
                    12.0,
                    48.0,
                    192.0,
                    768.0
                ]
            }
        }
    }
}