{
    "convergence": {
        "FV": {
            "outlet": {
                "$N_d$": [
                    "0",
                    "0",
                    "0",
                    "0"
                ],
                "$N_e^z$": [
                    4.0,
                    8.0,
                    16.0,
                    32.0
                ],
                "$N_e^r$": [
                    3.0,
                    6.0,
                    12.0,
                    24.0
                ],
                "$N_e^p$": [
                    3.0,
                    6.0,
                    12.0,
                    24.0
                ],
                "Max. error": [
                    1.4033845839407668,
                    0.7981001066423619,
                    0.27445076725672957,
                    0.06413252614280118
                ],
                "Max. EOC": [
                    0.0,
                    0.8142687978707914,
                    1.5400223442187755,
                    2.097419232203933
                ],
                "$L^1$ error": [
                    22.70269734605555,
                    10.56786854736477,
                    3.2352733291371116,
                    0.7745589028274108
                ],
                "$L^1$ EOC": [
                    0.0,
                    1.1031792904763695,
                    1.7077249190097437,
                    2.0624407413211348
                ],
                "$L^2$ error": [
                    4.154587708483297,
                    2.157307524145038,
                    0.7033087918605736,
                    0.16876321357165744
                ],
                "$L^2$ EOC": [
                    0.0,
                    0.9454734671274587,
                    1.6170016900613107,
                    2.0591577875523797
                ],
                "Sim. time": [
                    0.043969900000000006,
                    0.7003909,
                    3.8955916000000004,
                    21.2922237
                ],
                "Min. value": [
                    -8.07341464216512e-08,
                    -8.839605177209236e-08,
                    -1.3247492043805002e-07,
                    -9.945338079184541e-11
                ],
                "DoF": [
                    27.0,
                    102.0,
                    396.0,
                    1560.0
                ],
                "Bulk DoF": [
                    12.0,
                    48.0,
                    192.0,
                    768.0
                ]
            }
        }
    }
}