{
    "convergence": {
        "FV": {
            "outlet": {
                "$N_d$": [
                    "0",
                    "0",
                    "0",
                    "0"
                ],
                "$N_e^z$": [
                    4.0,
                    8.0,
                    16.0,
                    32.0
                ],
                "$N_e^r$": [
                    3.0,
                    6.0,
                    12.0,
                    24.0
                ],
                "$N_e^p$": [
                    3.0,
                    6.0,
                    12.0,
                    24.0
                ],
                "Max. error": [
                    0.02252698516411457,
                    0.007256712666886586,
                    0.0020336011652799107,
                    0.00048501639356697546
                ],
                "Max. EOC": [
                    0.0,
                    1.6342661953857627,
                    1.8352793848101736,
                    2.0679313457715724
                ],
                "$L^1$ error": [
                    6.885915375908435,
                    2.196034536021984,
                    0.572734723844567,
                    0.13657980932731767
                ],
                "$L^1$ EOC": [
                    0.0,
                    1.648747707971809,
                    1.938961763967714,
                    2.0681228490971133
                ],
                "$L^2$ error": [
                    0.3104229034386616,
                    0.10269727654233482,
                    0.027103979748984063,
                    0.006556217682195264
                ],
                "$L^2$ EOC": [
                    0.0,
                    1.5958370825903945,
                    1.9218213159605797,
                    2.047569040568391
                ],
                "Sim. time": [
                    0.1932377,
                    1.7095056000000002,
                    9.4990406,
                    57.6729855
                ],
                "Min. value": [
                    7.248808455001991e-06,
                    -4.6692620141315785e-08,
                    -7.313157645330722e-08,
                    -4.0433736035680266e-13
                ],
                "DoF": [
                    27.0,
                    102.0,
                    396.0,
                    1560.0
                ],
                "Bulk DoF": [
                    12.0,
                    48.0,
                    192.0,
                    768.0
                ]
            }
        }
    }
}