{
    "convergence": {
        "FV": {
            "outlet": {
                "$N_d$": [
                    "0",
                    "0",
                    "0",
                    "0"
                ],
                "$N_e^z$": [
                    4.0,
                    8.0,
                    16.0,
                    32.0
                ],
                "$N_e^r$": [
                    3.0,
                    6.0,
                    12.0,
                    24.0
                ],
                "$N_e^p$": [
                    3.0,
                    6.0,
                    12.0,
                    24.0
                ],
                "Max. error": [
                    0.013661373521334251,
                    0.00442066938329147,
                    0.0011376538168796357,
                    0.0002590871189988922
                ],
                "Max. EOC": [
                    0.0,
                    1.627765794242641,
                    1.9582032222632306,
                    2.1345524224543913
                ],
                "$L^1$ error": [
                    6.583721070116451,
                    1.9102814544492295,
                    0.46027966556130223,
                    0.1054740348535246
                ],
                "$L^1$ EOC": [
                    0.0,
                    1.7851179992089312,
                    2.053202602697709,
                    2.1256228217996034
                ],
                "$L^2$ error": [
                    0.24154216286751518,
                    0.0718359118549247,
                    0.01732179760498263,
                    0.004020805190095688
                ],
                "$L^2$ EOC": [
                    0.0,
                    1.7494978890253055,
                    2.052116592913709,
                    2.1070323127728425
                ],
                "Sim. time": [
                    0.1429697,
                    0.8350018,
                    6.717036500000001,
                    37.9257933
                ],
                "Min. value": [
                    6.4636344247843345e-06,
                    -7.389997002222828e-08,
                    -5.0603377455101556e-08,
                    -1.7508100253897522e-13
                ],
                "DoF": [
                    27.0,
                    102.0,
                    396.0,
                    1560.0
                ],
                "Bulk DoF": [
                    12.0,
                    48.0,
                    192.0,
                    768.0
                ]
            }
        }
    }
}