{
    "convergence": {
        "FV": {
            "outlet": {
                "$N_d$": [
                    "0",
                    "0",
                    "0",
                    "0"
                ],
                "$N_e^z$": [
                    4.0,
                    8.0,
                    16.0,
                    32.0
                ],
                "$N_e^r$": [
                    3.0,
                    6.0,
                    12.0,
                    24.0
                ],
                "$N_e^p$": [
                    3.0,
                    6.0,
                    12.0,
                    24.0
                ],
                "Max. error": [
                    1.3183406882496924,
                    0.7446922717586644,
                    0.25535798706766566,
                    0.05929828241698987
                ],
                "Max. EOC": [
                    0.0,
                    0.824006951888081,
                    1.544123201416281,
                    2.106458961635343
                ],
                "$L^1$ error": [
                    20.583662118092803,
                    9.772865082202493,
                    3.011911307095146,
                    0.7207305466977513
                ],
                "$L^1$ EOC": [
                    0.0,
                    1.0746462004717425,
                    1.6981022878362104,
                    2.0631473895941452
                ],
                "$L^2$ error": [
                    3.811171741703088,
                    1.99975591790475,
                    0.6543625230840056,
                    0.1570375238633071
                ],
                "$L^2$ EOC": [
                    0.0,
                    0.9304107001129686,
                    1.6116618920987464,
                    2.058980794064484
                ],
                "Sim. time": [
                    0.043969900000000006,
                    0.7003909,
                    3.8955916000000004,
                    21.2922237
                ],
                "Min. value": [
                    -8.073396026471392e-08,
                    -8.04519810716711e-08,
                    -1.1929472262120897e-07,
                    -9.818048676038892e-11
                ],
                "DoF": [
                    27.0,
                    102.0,
                    396.0,
                    1560.0
                ],
                "Bulk DoF": [
                    12.0,
                    48.0,
                    192.0,
                    768.0
                ]
            }
        }
    }
}