{
    "convergence": {
        "FV": {
            "outlet": {
                "$N_d$": [
                    "0",
                    "0",
                    "0",
                    "0"
                ],
                "$N_e^z$": [
                    4.0,
                    8.0,
                    16.0,
                    32.0
                ],
                "$N_e^r$": [
                    3.0,
                    6.0,
                    12.0,
                    24.0
                ],
                "$N_e^p$": [
                    3.0,
                    6.0,
                    12.0,
                    24.0
                ],
                "Max. error": [
                    0.020091961201157672,
                    0.008301188705448354,
                    0.0025822309425393916,
                    0.0006748030760187554
                ],
                "Max. EOC": [
                    0.0,
                    1.2752285482007326,
                    1.684699906630979,
                    1.936079579119234
                ],
                "$L^1$ error": [
                    9.920137423269237,
                    3.5987235521183623,
                    1.0498366538970707,
                    0.2727193738734797
                ],
                "$L^1$ EOC": [
                    0.0,
                    1.4628748252314667,
                    1.777320407458064,
                    1.9446757761823696
                ],
                "$L^2$ error": [
                    0.36084280813588215,
                    0.13540707123466353,
                    0.03987811246058384,
                    0.010468043709851415
                ],
                "$L^2$ EOC": [
                    0.0,
                    1.4140674196998653,
                    1.7636340515822895,
                    1.9296052711178764
                ],
                "Sim. time": [
                    0.10289770000000001,
                    0.9915315,
                    6.6464954,
                    39.7205888
                ],
                "Min. value": [
                    1.2350698418514022e-05,
                    -4.804846111568506e-08,
                    -4.877070948741477e-08,
                    -2.569618949588475e-13
                ],
                "DoF": [
                    27.0,
                    102.0,
                    396.0,
                    1560.0
                ],
                "Bulk DoF": [
                    12.0,
                    48.0,
                    192.0,
                    768.0
                ]
            }
        }
    }
}