{
    "convergence": {
        "FV": {
            "outlet": {
                "$N_d$": [
                    "0",
                    "0",
                    "0",
                    "0"
                ],
                "$N_e^z$": [
                    4.0,
                    8.0,
                    16.0,
                    32.0
                ],
                "$N_e^r$": [
                    3.0,
                    6.0,
                    12.0,
                    24.0
                ],
                "$N_e^p$": [
                    3.0,
                    6.0,
                    12.0,
                    24.0
                ],
                "Max. error": [
                    0.020693361809149106,
                    0.005384032581541893,
                    0.0012703767909937845,
                    0.00030343307383441133
                ],
                "Max. EOC": [
                    0.0,
                    1.9424089965008877,
                    2.0834306797829756,
                    2.065806209413544
                ],
                "$L^1$ error": [
                    7.66124917876832,
                    2.148377065939203,
                    0.506022375366972,
                    0.11528510196970514
                ],
                "$L^1$ EOC": [
                    0.0,
                    1.8343324192053174,
                    2.0859741410972905,
                    2.1339950907662155
                ],
                "$L^2$ error": [
                    0.291577991047171,
                    0.08202213773065012,
                    0.019156944517347153,
                    0.004429173109286236
                ],
                "$L^2$ EOC": [
                    0.0,
                    1.829796575944404,
                    2.0981458715701162,
                    2.1127581837662333
                ],
                "Sim. time": [
                    0.1418092,
                    0.8309751000000001,
                    6.321263200000001,
                    35.397245000000005
                ],
                "Min. value": [
                    6.425985015169773e-06,
                    -7.660789145776688e-08,
                    -4.7496920713881114e-08,
                    -8.863923723315147e-14
                ],
                "DoF": [
                    27.0,
                    102.0,
                    396.0,
                    1560.0
                ],
                "Bulk DoF": [
                    12.0,
                    48.0,
                    192.0,
                    768.0
                ]
            }
        }
    }
}